{
  "project_info": {
    "project_number": "792257407123",
    "project_id": "football-league-standing-95102",
    "storage_bucket": "football-league-standing-95102.appspot.com"
  },
  "client": [
    {
      "client_info": {
        "mobilesdk_app_id": "1:792257407123:android:c29ac8eb34a146d0690566",
        "android_client_info": {
          "package_name": "com.onidev.footballleaguestandings"
        }
      },
      "oauth_client": [
        {
          "client_id": "792257407123-enruhpkrdq06iff9k8iiuhelraked01m.apps.googleusercontent.com",
          "client_type": 3
        }
      ],
      "api_key": [
        {
          "current_key": "AIzaSyC2kj_uTeqwtAAD2K_LoJGmz5PdaEzMlo0"
        }
      ],
      "services": {
        "appinvite_service": {
          "other_platform_oauth_client": [
            {
              "client_id": "792257407123-enruhpkrdq06iff9k8iiuhelraked01m.apps.googleusercontent.com",
              "client_type": 3
            }
          ]
        }
      }
    }
  ],
  "configuration_version": "1"
}